{"cameraMode":{"drawMode":0,"name":"Shaded","section":"Shading Mode"},"sceneLighting":true,"audioPlay":false,"sceneViewState":{"showFog":true,"showMaterialUpdate":false,"showSkybox":true,"showFlares":true,"showImageEffects":true,"showParticleSystems":true},"in2DMode":false,"pivot":{"x":3.137612819671631,"y":-9.151994705200196,"z":-39.242923736572269},"rotation":{"x":0.00605063047260046,"y":0.9879623055458069,"z":-0.14931584894657136,"w":0.04003437981009483},"size":20.123563766479493,"orthographic":false}